epoch,time,train/loss,metrics/accuracy_top1,metrics/accuracy_top5,val/loss,lr/pg0,lr/pg1,lr/pg2
1,26.559,1.8328,0.70455,0.9697,0.86496,0.000219483,0.000219483,0.000219483
2,47.0027,0.74429,0.84659,0.99432,0.442,0.0004389,0.0004389,0.0004389
3,68.1046,0.54451,0.82576,0.99811,0.46246,0.000655383,0.000655383,0.000655383
4,83.9968,0.47816,0.84091,0.99811,0.40356,0.000653793,0.000653793,0.000653793
5,101.847,0.39486,0.88447,0.99811,0.29279,0.000649391,0.000649391,0.000649391
6,121.2,0.32848,0.88447,0.99621,0.32049,0.000644989,0.000644989,0.000644989
7,143.989,0.28733,0.89205,0.99811,0.33213,0.000640587,0.000640587,0.000640587
8,163.659,0.30338,0.88068,0.99621,0.35023,0.000636185,0.000636185,0.000636185
9,184.415,0.26417,0.90341,0.99621,0.31451,0.000631782,0.000631782,0.000631782
10,202.615,0.19581,0.90909,0.99811,0.30381,0.00062738,0.00062738,0.00062738
11,220.735,0.19397,0.91856,0.99811,0.26388,0.000622978,0.000622978,0.000622978
12,238.598,0.19995,0.92803,1,0.21929,0.000618576,0.000618576,0.000618576
13,253.848,0.17441,0.92235,1,0.21741,0.000614174,0.000614174,0.000614174
14,272.992,0.17553,0.91288,1,0.24576,0.000609771,0.000609771,0.000609771
15,289.85,0.16933,0.91477,0.99811,0.23185,0.000605369,0.000605369,0.000605369
16,311.122,0.15008,0.92614,1,0.21741,0.000600967,0.000600967,0.000600967
17,330.883,0.14594,0.91288,1,0.21859,0.000596565,0.000596565,0.000596565
18,349.062,0.15371,0.94318,0.99621,0.20191,0.000592163,0.000592163,0.000592163
19,365.957,0.11085,0.92424,0.99621,0.25971,0.00058776,0.00058776,0.00058776
20,382.253,0.10412,0.94318,0.99811,0.19526,0.000583358,0.000583358,0.000583358
21,402.401,0.105,0.92614,1,0.25404,0.000578956,0.000578956,0.000578956
22,418.05,0.10211,0.94129,1,0.18303,0.000574554,0.000574554,0.000574554
23,435.941,0.11584,0.89962,1,0.25106,0.000570152,0.000570152,0.000570152
24,451.978,0.09901,0.93371,0.99621,0.25318,0.000565749,0.000565749,0.000565749
25,467.657,0.09657,0.94697,0.99621,0.18602,0.000561347,0.000561347,0.000561347
26,485.599,0.12206,0.92803,1,0.19871,0.000556945,0.000556945,0.000556945
27,502.274,0.1136,0.94318,0.99811,0.16455,0.000552543,0.000552543,0.000552543
28,522.627,0.07656,0.94886,0.99811,0.1483,0.000548141,0.000548141,0.000548141
29,540.185,0.0735,0.95265,0.99811,0.16346,0.000543738,0.000543738,0.000543738
30,561.685,0.07197,0.93561,1,0.2268,0.000539336,0.000539336,0.000539336
31,580.435,0.08413,0.93371,0.99621,0.20879,0.000534934,0.000534934,0.000534934
32,599.615,0.09166,0.93371,0.99811,0.18042,0.000530532,0.000530532,0.000530532
33,618.627,0.10601,0.93561,1,0.23805,0.00052613,0.00052613,0.00052613
34,636.654,0.08342,0.95076,1,0.13537,0.000521727,0.000521727,0.000521727
35,658.467,0.07931,0.93939,0.99811,0.21431,0.000517325,0.000517325,0.000517325
36,679.886,0.08678,0.95265,0.99811,0.15009,0.000512923,0.000512923,0.000512923
37,697.397,0.06896,0.95265,1,0.1757,0.000508521,0.000508521,0.000508521
38,717.393,0.07466,0.93371,1,0.20056,0.000504119,0.000504119,0.000504119
39,734.508,0.0766,0.94318,1,0.21061,0.000499716,0.000499716,0.000499716
40,751.956,0.06517,0.93561,0.99811,0.23904,0.000495314,0.000495314,0.000495314
41,770.693,0.06494,0.93371,1,0.20197,0.000490912,0.000490912,0.000490912
42,787.605,0.05756,0.95076,1,0.15278,0.00048651,0.00048651,0.00048651
43,812.042,0.04965,0.95076,1,0.14467,0.000482108,0.000482108,0.000482108
44,827.879,0.04041,0.95076,0.99811,0.17366,0.000477705,0.000477705,0.000477705
45,850.002,0.06489,0.95265,1,0.15218,0.000473303,0.000473303,0.000473303
46,869.294,0.05461,0.96212,0.99811,0.12841,0.000468901,0.000468901,0.000468901
47,888.916,0.05277,0.95455,1,0.15995,0.000464499,0.000464499,0.000464499
48,906.165,0.05515,0.94508,0.99621,0.19027,0.000460097,0.000460097,0.000460097
49,923.998,0.05013,0.95265,0.99811,0.15662,0.000455694,0.000455694,0.000455694
50,943.584,0.0486,0.95833,0.99811,0.19523,0.000451292,0.000451292,0.000451292
51,966.514,0.05354,0.95265,0.99811,0.18672,0.00044689,0.00044689,0.00044689
52,983.417,0.0565,0.94697,0.99811,0.17536,0.000442488,0.000442488,0.000442488
53,1002.36,0.04579,0.96023,0.99811,0.12985,0.000438086,0.000438086,0.000438086
54,1026.42,0.05812,0.94697,1,0.29054,0.000433683,0.000433683,0.000433683
55,1046.69,0.06758,0.94129,0.99811,0.24952,0.000429281,0.000429281,0.000429281
56,1065.99,0.06299,0.95076,1,0.16806,0.000424879,0.000424879,0.000424879
57,1084.44,0.05358,0.95265,1,0.17592,0.000420477,0.000420477,0.000420477
58,1104.01,0.03639,0.94697,1,0.2046,0.000416075,0.000416075,0.000416075
59,1119.72,0.05139,0.95644,1,0.15125,0.000411672,0.000411672,0.000411672
60,1137.69,0.04568,0.94697,1,0.14737,0.00040727,0.00040727,0.00040727
61,1155.99,0.02838,0.96591,1,0.12186,0.000402868,0.000402868,0.000402868
62,1173.75,0.03561,0.96591,1,0.15534,0.000398466,0.000398466,0.000398466
63,1192.21,0.04775,0.95455,1,0.16907,0.000394064,0.000394064,0.000394064
64,1211.05,0.0465,0.95455,1,0.14221,0.000389661,0.000389661,0.000389661
65,1235.78,0.04404,0.95455,1,0.23039,0.000385259,0.000385259,0.000385259
66,1261.17,0.04619,0.96023,1,0.15838,0.000380857,0.000380857,0.000380857
67,1279.73,0.04364,0.96023,1,0.20153,0.000376455,0.000376455,0.000376455
68,1296.83,0.03937,0.95076,0.99811,0.1819,0.000372053,0.000372053,0.000372053
69,1320.3,0.03469,0.94697,0.99811,0.1895,0.00036765,0.00036765,0.00036765
70,1337.54,0.05081,0.94886,0.99621,0.22234,0.000363248,0.000363248,0.000363248
71,1359.77,0.02948,0.95076,0.99811,0.17473,0.000358846,0.000358846,0.000358846
72,1382.24,0.03273,0.96023,0.99811,0.14227,0.000354444,0.000354444,0.000354444
73,1400.9,0.03799,0.95644,1,0.15455,0.000350042,0.000350042,0.000350042
74,1421.94,0.05504,0.96023,1,0.17409,0.000345639,0.000345639,0.000345639
75,1438.59,0.0422,0.95455,1,0.17853,0.000341237,0.000341237,0.000341237
76,1461.34,0.03553,0.95265,1,0.19089,0.000336835,0.000336835,0.000336835
77,1479.04,0.03758,0.96402,1,0.15813,0.000332433,0.000332433,0.000332433
78,1501.62,0.03235,0.95076,1,0.1492,0.000328031,0.000328031,0.000328031
79,1520.54,0.03847,0.94886,0.99811,0.17076,0.000323628,0.000323628,0.000323628
80,1542.87,0.03698,0.94697,1,0.18186,0.000319226,0.000319226,0.000319226
81,1563.39,0.03672,0.95265,1,0.16903,0.000314824,0.000314824,0.000314824
82,1583.13,0.03643,0.95644,0.99811,0.1742,0.000310422,0.000310422,0.000310422
83,1600.1,0.03328,0.95833,1,0.13799,0.00030602,0.00030602,0.00030602
84,1620.37,0.02919,0.95644,1,0.13832,0.000301617,0.000301617,0.000301617
85,1642.04,0.02298,0.96591,1,0.1414,0.000297215,0.000297215,0.000297215
86,1662.04,0.02439,0.96591,1,0.10501,0.000292813,0.000292813,0.000292813
87,1679.62,0.02047,0.96402,1,0.13992,0.000288411,0.000288411,0.000288411
88,1704.64,0.02342,0.96591,0.99811,0.1741,0.000284009,0.000284009,0.000284009
89,1722.66,0.0253,0.96212,1,0.14382,0.000279606,0.000279606,0.000279606
90,1741.66,0.02612,0.95455,0.99811,0.17107,0.000275204,0.000275204,0.000275204
91,1758.01,0.03256,0.95265,1,0.17083,0.000270802,0.000270802,0.000270802
92,1775.42,0.01805,0.95833,0.99811,0.21105,0.0002664,0.0002664,0.0002664
93,1792.65,0.02803,0.94508,0.99811,0.17791,0.000261998,0.000261998,0.000261998
94,1808.27,0.02062,0.95644,0.99811,0.22139,0.000257595,0.000257595,0.000257595
95,1827.62,0.02601,0.95644,0.99811,0.16964,0.000253193,0.000253193,0.000253193
96,1842.61,0.02751,0.95265,1,0.15392,0.000248791,0.000248791,0.000248791
97,1858.47,0.01795,0.96591,1,0.14537,0.000244389,0.000244389,0.000244389
98,1878.36,0.01921,0.96591,1,0.14154,0.000239987,0.000239987,0.000239987
99,1898.53,0.0225,0.96212,0.99811,0.21395,0.000235584,0.000235584,0.000235584
100,1920.56,0.01816,0.96402,0.99811,0.13502,0.000231182,0.000231182,0.000231182
101,1944.41,0.01892,0.96402,0.99811,0.19597,0.00022678,0.00022678,0.00022678
102,1960.87,0.01616,0.9678,0.99811,0.12946,0.000222378,0.000222378,0.000222378
103,1976.78,0.01231,0.96591,0.99811,0.13705,0.000217976,0.000217976,0.000217976
104,1992.57,0.02222,0.96591,0.99811,0.13959,0.000213573,0.000213573,0.000213573
105,2008.46,0.0189,0.96402,1,0.1549,0.000209171,0.000209171,0.000209171
106,2025.95,0.02752,0.96402,1,0.16022,0.000204769,0.000204769,0.000204769
107,2045.68,0.01508,0.96591,1,0.18981,0.000200367,0.000200367,0.000200367
108,2062.88,0.01552,0.96212,0.99811,0.1397,0.000195965,0.000195965,0.000195965
109,2078.61,0.02237,0.9678,0.99811,0.1673,0.000191562,0.000191562,0.000191562
110,2094.3,0.0144,0.96212,0.99811,0.11974,0.00018716,0.00018716,0.00018716
111,2111.59,0.01642,0.96212,0.99811,0.12505,0.000182758,0.000182758,0.000182758
112,2126.82,0.02236,0.96591,0.99811,0.13224,0.000178356,0.000178356,0.000178356
113,2143.16,0.01794,0.97159,0.99811,0.15674,0.000173954,0.000173954,0.000173954
114,2159.64,0.0203,0.95833,0.99621,0.152,0.000169551,0.000169551,0.000169551
115,2176.07,0.01504,0.97159,0.99811,0.12781,0.000165149,0.000165149,0.000165149
116,2191.84,0.0137,0.9697,0.99811,0.12799,0.000160747,0.000160747,0.000160747
117,2208.83,0.0185,0.96591,0.99811,0.13174,0.000156345,0.000156345,0.000156345
118,2224.15,0.01473,0.97348,0.99811,0.13278,0.000151943,0.000151943,0.000151943
119,2239.21,0.01063,0.97159,0.99811,0.19248,0.00014754,0.00014754,0.00014754
120,2255.54,0.01259,0.9697,0.99811,0.13693,0.000143138,0.000143138,0.000143138
121,2271.15,0.01452,0.9697,0.99811,0.12437,0.000138736,0.000138736,0.000138736
122,2287.56,0.01107,0.9697,1,0.15497,0.000134334,0.000134334,0.000134334
123,2302.89,0.01489,0.9678,0.99811,0.13941,0.000129932,0.000129932,0.000129932
124,2320.09,0.01177,0.96591,1,0.16943,0.000125529,0.000125529,0.000125529
125,2337.42,0.01183,0.9678,1,0.22028,0.000121127,0.000121127,0.000121127
126,2355.04,0.01627,0.96591,0.99621,0.18515,0.000116725,0.000116725,0.000116725
127,2372.05,0.0148,0.96402,0.99621,0.13529,0.000112323,0.000112323,0.000112323
128,2386.93,0.01045,0.96591,0.99811,0.1286,0.000107921,0.000107921,0.000107921
129,2402.73,0.01169,0.96591,0.99811,0.13173,0.000103518,0.000103518,0.000103518
130,2418.9,0.01217,0.97727,1,0.12335,9.91162e-05,9.91162e-05,9.91162e-05
131,2435.31,0.00947,0.97917,1,0.10524,9.4714e-05,9.4714e-05,9.4714e-05
132,2452.96,0.01547,0.97727,1,0.10847,9.03118e-05,9.03118e-05,9.03118e-05
133,2468.44,0.01296,0.97538,0.99621,0.11097,8.59096e-05,8.59096e-05,8.59096e-05
134,2484.7,0.01203,0.9697,0.99621,0.11005,8.15074e-05,8.15074e-05,8.15074e-05
135,2508.76,0.01142,0.97159,1,0.10496,7.71052e-05,7.71052e-05,7.71052e-05
136,2524.07,0.00807,0.97727,1,0.12832,7.2703e-05,7.2703e-05,7.2703e-05
137,2539.83,0.01604,0.97348,1,0.10341,6.83008e-05,6.83008e-05,6.83008e-05
138,2561.23,0.01321,0.9697,0.99811,0.12659,6.38986e-05,6.38986e-05,6.38986e-05
139,2576.93,0.01043,0.96591,1,0.1176,5.94964e-05,5.94964e-05,5.94964e-05
140,2592.23,0.01045,0.97159,1,0.11985,5.50942e-05,5.50942e-05,5.50942e-05
141,2616.3,0.01141,0.97538,1,0.11314,5.0692e-05,5.0692e-05,5.0692e-05
142,2631.87,0.01043,0.97538,1,0.11005,4.62898e-05,4.62898e-05,4.62898e-05
143,2648.52,0.01146,0.97538,1,0.10594,4.18876e-05,4.18876e-05,4.18876e-05
144,2666.45,0.00731,0.97538,1,0.09987,3.74854e-05,3.74854e-05,3.74854e-05
145,2683.75,0.00572,0.97538,0.99811,0.1123,3.30832e-05,3.30832e-05,3.30832e-05
146,2700.73,0.00637,0.97348,1,0.11691,2.8681e-05,2.8681e-05,2.8681e-05
147,2723,0.00877,0.97348,0.99811,0.10876,2.42788e-05,2.42788e-05,2.42788e-05
148,2743.71,0.01022,0.97348,0.99811,0.10895,1.98766e-05,1.98766e-05,1.98766e-05
149,2764.21,0.00709,0.97348,0.99811,0.10619,1.54744e-05,1.54744e-05,1.54744e-05
150,2786.18,0.0087,0.97348,1,0.10685,1.10722e-05,1.10722e-05,1.10722e-05
